{
    "loss": 0.4477379322052002,
    "accuracy": 0.8965517282485962
}